id	search_query	google_maps_place	lat	lng	verified	note
bagbazar	Bagbazar Sarbojanin Durgotsab Kolkata	Baghbazar Sarbojanin Durgotsav & Exhibition	22.6044897	88.365615	true	named place
kumartuli-park	Kumartuli Park Sarbojanin Durga Puja Kolkata	Kumartuli Park	22.5989827	88.3614663	true	pandal is held in this park
kumartuli-sarbojanin	Kumartuli Sarbojanin Durga Puja Kolkata	Kumortuli Sarbojonin Durgotsab	22.6011655	88.362723	true	named place
ahiritola-sarbojanin	Ahiritola Sarbojanin Durgotsab Kolkata	Ahiritola Sarbojonin Durgotsab Samity	22.5948383	88.3571698	true	named place
ahiritola-jubak-brinda	Ahiritola Sarbojanin Durgotsab Kolkata	Ahiritola Jubak Brinda	22.5945774	88.3605889	true	named place (2nd result)
beniatola	Ahiritola Sarbojanin Durgotsab Kolkata	Beniatola Sarbojonin Durgotsab	22.5957292	88.3611888	true	named place (4th result)
nalin-sarkar-street	Nalin Sarkar Street Sarbojanin Durga Puja	Nalin Sarkar Street Sarbojanin kalipuja	22.5947061	88.3744409	false	only the club's Kali Puja listing on the same street; Durga Puja pandal position not confirmed
hatibagan-sarbojanin	Nalin Sarkar Street Sarbojanin Durgotsab Hatibagan	Hatibagan Sarbojonin	22.5943863	88.3720004	true	named place
tala-prattoy	Tala Prattoy Durga Puja	Tala Prattoy Durga Puja Art	22.6087911	88.382502	true	named place
tala-barowari	Tala Barowari Durgotsab	Tala Barowari Durgotsob	22.6072038	88.3760758	true	named place
hatibagan-nabin-pally	Hatibagan Nabin Pally Durga Puja	Hatibagan Nabinpally Durga Puja Committee	22.5959028	88.3734176	true	two listings ~10 m apart agree
kashi-bose-lane	Kashi Bose Lane Durga Puja	Kashi Bose Lane Durga Puja Committee	22.5908979	88.3689174	true	named place
telengabagan	Telengabagan Sarbojanin Durgotsab	Telengabagan Durgotsab	22.5949468	88.3853031	true	named place
chaltabagan-lohapatty	Chaltabagan Lohapatty Durga Puja	Maniktala Chaltabagan Lohapatty Durga Puja Committee	22.5848905	88.3721509	true	three listings within ~50 m agree
sikdar-bagan	Sikdar Bagan Sadharan Durgotsab	Sikdar Bagan Sadharan Durgotsov	22.596485	88.37199	true	named place
santosh-mitra-square	Santosh Mitra Square Durga Puja Lebutala	Santosh Mitra Square	22.5660201	88.3656532	true	pandal is held in this square
college-square	College Square Sarbojanin Durgotsab	College Square Sarbojanin Durgotsab Committee	22.574024	88.362707	true	named place
md-ali-park	Md Ali Park Durga Puja	Muhammad Ali Park	22.5771888	88.3607369	true	pandal is held in this park
jagat-mukherjee-park	Jagat Mukherjee Park Durga Puja	Jagat Mukherjee Park	22.5994903	88.3660388	true	pandal is held in this park
sovabazar-rajbari	Shobhabazar Rajbari Durga Puja	Shobhabazar Rajbari Thakur Dalan	22.59645	88.3667686	true	puja is held in the Thakur Dalan
sreebhumi	Sreebhumi Sporting Club Durga Puja	Shreebhumi Sporting Club Durga Puja	22.5991037	88.4028669	true	several listings within ~100 m agree
lake-town-adhibasi-brinda	Lake Town Adhibasi Brinda Durga Puja	Lake Town Adhibasi Brinda	22.6044508	88.4039701	true	named place
dum-dum-park-bharat-chakra	Dum Dum Park Bharat Chakra Durga Puja	Dum Dum Park Bharat Chakra	22.6108213	88.4146001	true	named place
dum-dum-park-tarun-sangha	Dum Dum Park Tarun Sangha Durga Puja	Dum Dum Park Tarun Sangha Club	22.610051	88.411488	true	club listing; pandal set up by the club
dum-dum-park-sarbojanin	Dum Dum Park Tarun Sangha Durga Puja	Dum Dum Park Sarbojanin Durga Puja Samity	22.6094363	88.4164052	true	named place (2nd result)
simla-byayam-samiti	Simla Byayam Samiti Durga Puja	Simla Byayam Samity Durga Puja	22.5850751	88.3650036	true	named place
ekdalia-evergreen	Ekdalia Evergreen Club Durga Puja	Ekdalia Evergreen Club	22.5212187	88.3665629	true	club listing; pandal on Ekdalia Road
singhi-park	Singhi Park Durga Puja	Singhi Park Sarbojanin Durga Puja Committee	22.5209489	88.3627281	true	named place
ballygunge-cultural	Ballygunge Cultural Association Durga Puja	Ballygunge Cultural Association Durga Puja	22.5162122	88.3558059	true	named place
hindusthan-park	Hindustan Park Sarbojanin Durgotsab	Hindusthan Park Sarbojanin Durgotsab Committee	22.5176792	88.3620716	true	named place
deshapriya-park	Deshapriya Park Durgotsab	Deshapriya Park	22.5185819	88.3534607	true	pandal is held in this park
tridhara	Deshapriya Park Durgotsab	Tridhara Sammilani	22.5195286	88.3554398	true	named place (4th result)
maddox-square	Maddox Square Durga Puja	Maddox Square Durga Pujo	22.5265634	88.3546477	true	named place
suruchi-sangha	Suruchi Sangha Durga Puja New Alipore	Suruchi Sangha	22.5089855	88.3339522	true	club listing, New Alipore
chetla-agrani	Chetla Agrani Club Durga Puja	Chetla Agrani Durga Puja Pandal	22.5163878	88.337111	true	pandal listing next to club listing
66-pally	66 Pally Durga Puja Kalighat	66 Pally Durgapuja Pandal	22.5180613	88.3427526	true	named place
badamtala-ashar-sangha	Badamtala Ashar Sangha Durga Puja	Badamtala Ashar Sangha Durgotsab	22.5179668	88.3437245	true	named place
mudiali	Mudiali Club Durga Puja	Mudiali Club	22.510194	88.3463122	true	club listing; pandal beside club
shibmandir	Shiv Mandir Sarbojanin Durgotsab Lake Terrace	Shibmandir Sarbojanin Durgotsab Samiti	22.5109975	88.3498496	true	named place
samaj-sebi	Samaj Sebi Sangha Durga Puja	Samaj Sebi Sangha	22.5157034	88.3563229	true	Lake View Rd listing (a Howrah namesake ignored)
jodhpur-park-95-pally	Jodhpur Park 95 Pally Durga Puja	95 Pally Association	22.508235	88.3627602	true	club listing, Jodhpur Park
behala-notun-dal	Behala Notun Dal Durga Puja	Behala Nutan Dal	22.5002078	88.320287	true	club listing
barisha-club	Barisha Club Durga Puja Behala	Barisha Club Puja Ground and Community Hall	22.4812859	88.3132412	true	puja ground listing
naktala-udayan-sangha	Naktala Udayan Sangha Durga Puja	Naktala Udayan Sangha	22.4742929	88.3665898	true	club listing
babubagan	Babubagan Sarbojanin Durgotsab Dhakuria	Babubagan Durgotsav	22.5079875	88.3685745	true	named place
dhakuria-sarbojanin	Babubagan Sarbojanin Durgotsab Dhakuria	Dhakuria Sarbojanin Durgotsab	22.510483	88.3719863	true	named place (2nd result)
selimpur-pally	Selimpur Pally Durga Puja	Selimpur pally Durga Puja	22.5046776	88.3683663	true	named place
bosepukur-sitala-mandir	Kasba Bosepukur Sitala Mandir Durga Puja	Bosepukur Sitala Mandir	22.5192181	88.3848576	false	pin is the temple; pandal is set up nearby — exact spot not confirmed
ajeya-sanhati	Haridevpur Ajeya Sanhati Durga Puja	Ajeya Sanghati Club	22.4808597	88.3377053	true	club listing, Haridevpur
bakul-bagan	Bakul Bagan Sarbojanin Durgotsab Bhowanipore	Bakul Bagan Sarbojanin Durgotsav	22.5267621	88.34826	true	named place
rajdanga-naba-uday-sangha	Rajdanga Naba Uday Sangha Durga Puja	Rajdanga Naba Uday Sangha Durga Puja Ground	22.5152675	88.3901599	true	puja ground listing
beleghata-33-pally	Beleghata 33 Pally Durga Puja Kolkata	Beliaghata 33 Pally	22.5685686	88.3911284	true	named place, address P-225/1 CIT Rd
salt-lake-fd-block	FD Block Sarbojanin Durgotsav Salt Lake	Salt Lake FD Block Durga Puja Pandal	22.5834541	88.4122701	true	named pandal place
prantik-square-basirhat	Prantik Square Sarbojanin Durga Puja Basirhat	Prantik Square Sarbojonin Durga Puja	22.6707065	88.8485729	true	named place; matches Wikipedia
roychowdhury-bari-baruipur	Roychowdhury Bari Durga Puja Baruipur	Roy Chowdhury Durga Bari	22.3425668	88.4541343	true	named place (other candidate: Baruipur Choudhury Bari, Subuddhipur)
bandhu-mahal-baguiati	Bandhu Mahal Club Baguiati	Aswininagar Bandhumahal Club, Baguiati	22.6100164	88.4329278	true	named place (social club)
sabarna-roy-choudhury-barisha	Sabarna Roy Choudhury Atchala Barisha	SABARNA ROY CHOWDHURY Sanjer ATTCHALA BARI	22.480083	88.3065991	true	named place
andul-rajbari	Andul Rajbari	Andul Rajbari	22.5830686	88.2355562	true	named place
sheoraphuli-rajbari	Sheoraphuli Rajbari	Sheoraphuli Rajbari Sarbamangala Mandir	22.7722335	88.3250452	true	named place
serampore-goswami-rajbari	Goswami Rajbari Serampore	Serampore Raj Bari	22.7594651	88.3396057	false	approximate: Google lists it as Serampore Raj Bari; not confirmed as the Goswami house
krishnanagar-rajbari	Krishnanagar Rajbari	Krishnagar Rajbari	23.397959	88.4969111	true	named place
mrinmoyee-bishnupur	Mrinmoyee Temple Bishnupur	Maa Mrinmoyee Temple	23.0727375	87.3259531	true	named place
siliguri-rabindra-sangha	Rabindra Sangha Club Siliguri	Siliguri Rabindra Sangha	26.7112768	88.4394833	true	named place
haidar-para-sporting-club	Haider Para Sporting Club Siliguri	Haidar Para Sporting Club	26.7204961	88.4366402	true	named place
baikunthapur-rajbari-jalpaiguri	Baikunthapur Rajbari Jalpaiguri	Baikunthpur Palace	26.5390212	88.7175694	true	named place
boro-debi-cooch-behar	Baro Debi Bari Cooch Behar	Baro Debi Bari	26.3216304	89.4369823	true	named place
tamluk-youth-sporting-club	Tamluk Youth Sporting Club Padumbasan Tamluk	Tamluk Youth Sporting Club	22.2896977	87.9171363	true	named place (visitor suggestion with a Google Maps link)
sealdah-railway-athletic-club	Sealdah Railway Athletic Club	Sealdah Railway Athletic Club	22.5705774	88.37194	true	named place
rani-rashmoni-bari	Rani Rashmoni Bari, Janbazar	Rani Rashmoni Bhawan	22.5625179	88.3552648	true	named place
hazra-park	Hazra Park Durgotsab	Hazra Park Durga Puja	22.524434	88.3460535	true	named place
abasar-sarbojanin	Abasar Sarbojanin	Abasar Sarbojanin Durgotsab Samity	22.5278699	88.3489227	true	named place
mallick-bari-bhowanipore	Mallick Bari, Bhowanipore	Mallick Bari	22.5335981	88.3490916	true	named place
hindusthan-club	Hindusthan Club	Gariahat Hindusthan Club	22.5201571	88.3609098	true	named place
santoshpur-lake-pally	Santoshpur Lake Pally	Santoshpur Lake Pally Durga Puja Pandal	22.4914713	88.3827705	true	named place
santoshpur-trikon-park	Santoshpur Trikon Park	Santoshpur Trikon Park Durgotsab	22.4931559	88.3784752	true	named place
behala-friends	Behala Friends	Behala Friends' Club	22.5013531	88.3198079	true	named place
sb-park-thakurpukur	SB Park Sarbojanin, Thakurpukur	State Bank Park	22.4677772	88.3090707	true	named place
chhatu-babu-latu-babu-bari	Chhatu Babu Latu Babu Bari	Chhatu Babu Latu Babu Thakur Bari (Ramdulal Nibas)	22.5901836	88.3644154	true	named place
darjipara-mitra-bari	Darjipara Mitra Bari	Darjipara Mitra House	22.5910927	88.3649029	true	named place
lalabagan-nabankur	Lalabagan Nabankur	Lalabagan Nabankur Durga Puja Pandal entrance gate	22.5883732	88.3767567	true	named place
salt-lake-bj-block	Salt Lake BJ Block	BJ Block Durga Puja	22.5906892	88.4265676	true	named place
salt-lake-ak-block	Salt Lake AK Block	AK Block Durga Puja	22.5888537	88.4307676	true	named place
salt-lake-cf-block	Salt Lake CF Block	CF Block Residents' Association Durga Puja Pandal	22.5940823	88.4180967	true	named place
arjunpur-amra-sabai	Arjunpur Amra Sabai Club	Arjunpur Amra Sabai Club	22.624292	88.4245361	true	named place
belur-math	Belur Math	Belur Math	22.6310057	88.3539497	true	named place
cossimbazar-rajbari	Cossimbazar Rajbari	Cossimbazar Palace of the Roys (Rajbari)	24.1244573	88.2711563	true	named place
